contract	path	result
0xF5ccbf74121edBa4	[0, 13, 30, 41, 111, 123, 134, 145, 3293, 3305, 3328, 19152, 19306, 19335, 19348, 19372, 19380]	TRUE
0xBfB2C3D47DeAe59d	[0, 13, 65, 76, 87, 98, 109, 120, 131, 142, 153, 164, 175, 186, 197, 208, 219, 230, 241, 252, 263, 274, 285, 296, 307, 318, 329, 340, 351, 362, 373, 384, 395, 406, 417, 428, 439, 450, 461, 472, 483, 494, 505, 516, 527, 4651, 4663, 15957, 16054, 16075, 16107, 16122]	TRUE
0xAB255F10265ae1b0	[0, 13, 30, 138, 150, 161, 172, 882, 894, 4452, 4456, 4492]	TRUE
0x116806E4b1c47A8f	[0, 16, 26, 43, 54, 65, 76, 4292, 4314, 17184, 17379, 17437, 17451, 17463, 17844, 17857, 17869, 18250, 18263, 18275, 18656, 18669, 18681, 19161, 19174, 19186, 19193, 22525, 22977, 22982, 19205, 19211, 22989, 22997, 23009]	TRUE
0x2475A66863446560	[0, 16, 26, 43, 348, 360, 371, 3868, 3890, 11603, 11634, 11679, 11736, 11756, 11778, 19745, 19748, 19758]	TRUE
0x04ab1e8CA4050F58	[0, 16, 26, 43, 326, 338, 408, 420, 3138, 3160, 11244, 11275, 11320, 11377, 11397, 11419, 21266, 21269, 21279]	TRUE
0x37d94CbE8B300069	[0, 13, 65, 76, 87, 98, 109, 120, 131, 142, 153, 164, 175, 186, 197, 208, 219, 230, 241, 252, 263, 274, 285, 296, 307, 318, 329, 340, 351, 362, 373, 384, 395, 406, 417, 428, 439, 450, 461, 472, 483, 494, 505, 516, 527, 4651, 4663, 15957, 16054, 16075, 16107, 16122]	TRUE
0x4cf0908E6190C839	[0, 13, 65, 76, 87, 98, 109, 120, 131, 142, 153, 164, 175, 186, 197, 208, 219, 230, 241, 252, 263, 274, 285, 296, 307, 318, 329, 340, 351, 362, 373, 384, 395, 406, 417, 428, 439, 450, 461, 472, 483, 494, 505, 516, 527, 4651, 4663, 15957, 16054, 16075, 16107, 16122]	TRUE
0xd9a095f66A54f255	[0, 13, 65, 76, 87, 98, 109, 120, 131, 142, 153, 164, 175, 186, 197, 208, 219, 230, 241, 252, 263, 274, 285, 296, 307, 318, 329, 340, 351, 362, 373, 384, 395, 406, 417, 428, 439, 450, 461, 472, 483, 494, 505, 516, 527, 4651, 4663, 15957, 16054, 16075, 16107, 16122]	TRUE
0x032DE34585bEBC04	[0, 16, 26, 195, 207, 218, 229, 240, 251, 262, 637, 2433, 2450, 2462]	TRUE
0xEEd676F5df0b7dce	[0, 16, 26, 46, 57, 68, 79, 90, 101, 112, 123, 134, 145, 156, 167, 1482, 1504, 1551, 1569, 1602, 6392, 11892, 11955, 11960, 11970]	TRUE
0x43794654eB31f767	[0, 16, 26, 298, 310, 369, 381, 779, 12396, 12414, 793, 3686, 3832, 3858, 9145, 9148, 9171, 9205, 9305, 9343, 7986, 8134, 8137, 8159]	TRUE
0x824BA0333588e52d	[0, 16, 26, 43, 54, 65, 124, 136, 1696, 16485, 16503, 1710, 7274, 7370, 7373, 7396]	TRUE
0x59ae66FB395893E3	[0, 16, 26, 423, 435, 532, 581, 593, 1100, 14246, 14264, 1114, 7550, 7679, 7787, 7797]	TRUE
0x91DB1F9b62F3ec29	[0, 13, 65, 76, 87, 98, 792, 804, 827, 3418, 3553, 3747, 13874, 13880, 13954]	TRUE
0x9694dcF5b6CCF621	[0, 16, 26, 423, 435, 532, 581, 593, 1100, 14246, 14264, 1114, 7550, 7679, 7787, 7797]	TRUE
0xa73313ef575F0Fbb	[0, 13, 30, 111, 123, 134, 758, 16804, 16823, 772, 3332, 3425, 3502, 3539, 3183, 3200, 3209]	TRUE
0xfe6d7994279D0023	[0, 13, 324, 477, 489, 500, 1067, 1079, 4458, 5410, 4467, 4581, 4584, 4597]	TRUE
0xC4e886609499689A	[0, 13, 313, 466, 478, 489, 500, 511, 831, 843, 16222, 16241, 858, 3887, 3901, 3907, 3940, 3948]	TRUE
0x2453b1FbD17ceA06	[0, 16, 26, 423, 435, 532, 581, 593, 1100, 14246, 14264, 1114, 7550, 7679, 7787, 7797]	TRUE
0x602cCfee6B4BA8Eb	[0, 16, 26, 423, 435, 532, 581, 593, 1100, 14246, 14264, 1114, 7550, 7679, 7787, 7797]	TRUE
0x7236CE41AEE6e6AD	[0, 16, 26, 43, 54, 65, 76, 87, 2794, 2816, 16771, 13193, 16781, 17001, 17274, 17544, 17740, 18028, 13337, 11200, 11470, 11552, 11633, 11641]	TRUE
0x48BAaD1ef65F7B04	[0, 13, 30, 111, 655, 667, 13597, 13615, 13638, 682, 7425, 7472, 7505, 7515]	TRUE
0x15ceC36353ba4Ac0	[0, 16, 26, 46, 57, 68, 79, 90, 101, 112, 123, 134, 145, 156, 167, 1482, 1504, 1551, 1569, 1602, 6392, 11892, 11955, 11960, 11970]	TRUE
0xA6dfBA8BC0787948	[0, 16, 26, 46, 57, 68, 79, 90, 101, 112, 123, 134, 145, 156, 167, 1482, 1504, 1551, 1569, 1602, 6392, 11892, 11955, 11960, 11970]	TRUE
0xe3e7F354ac948ceB	[0, 16, 26, 423, 435, 532, 581, 593, 1100, 14246, 14264, 1114, 7550, 7679, 7787, 7797]	TRUE
0x010c0CeD7965c798	[0, 13, 65, 76, 87, 98, 109, 120, 131, 142, 153, 164, 175, 186, 197, 208, 219, 230, 241, 252, 263, 274, 285, 296, 307, 318, 2512, 2524, 2547, 10527, 10723, 10856, 13874, 13880, 13954]	TRUE
0x08d77ea52fD58c2d	[0, 16, 26, 46, 57, 68, 79, 90, 101, 112, 123, 134, 145, 156, 167, 1482, 1504, 1551, 1569, 1602, 6392, 11892, 11955, 11960, 11970]	TRUE
0xA0719502e4Cc4e92	[0, 16, 26, 46, 57, 68, 79, 90, 101, 112, 123, 134, 145, 156, 167, 1482, 1504, 1551, 1569, 1602, 6392, 11892, 11955, 11960, 11970]	TRUE
0x5c5f05cF8528FFe9	[0, 16, 26, 423, 435, 532, 581, 593, 1100, 14246, 14264, 1114, 7550, 7679, 7787, 7797]	TRUE
0x27e932a083C2aDA4	[0, 16, 26, 46, 57, 68, 79, 90, 101, 112, 123, 134, 145, 156, 167, 1482, 1504, 1551, 1569, 1602, 6392, 11892, 11955, 11960, 11970]	TRUE
0x9c54d09af2365c5b	[0, 16, 26, 43, 54, 113, 2290, 2312, 11221, 11415, 11546, 13911, 13917, 13991]	TRUE
0xf2BcDf38baA52F6b	[0, 13, 236, 248, 307, 319, 330, 843, 855, 16484, 16502, 870, 4005, 4052, 4086, 4144, 11246, 11291, 11332, 11809, 11812, 11820]	TRUE
0xe13dB8D3333Fa35A	[0, 16, 26, 467, 685, 794, 806, 817, 828, 839, 1030, 17866, 17885, 1044, 3654, 3711, 3719]	TRUE
0xc44B2e8aA4C07980	[0, 13, 30, 111, 123, 134, 758, 16804, 16823, 772, 3332, 3425, 3502, 3539, 3183, 3200, 3209]	TRUE
0x8c7c0208D17EA76e	[0, 13, 30, 41, 52, 100, 2356, 2368, 17736, 17757, 2383, 10125, 10169, 10224, 14623, 14655, 14870, 14928, 14932, 15127, 15244, 15328, 15349, 15556, 18272, 18315, 15463, 14348, 14421, 16697, 16845, 14448, 14469, 14486, 14518]	TRUE
0xe1664d5eB7e55c54	[0, 16, 26, 423, 435, 532, 581, 593, 1100, 14246, 14264, 1114, 7550, 7679, 7787, 7797]	TRUE
0x46C8c893cdC0719d	[0, 16, 26, 46, 57, 68, 79, 90, 101, 112, 123, 134, 145, 156, 167, 1482, 1504, 1551, 1569, 1602, 6392, 11892, 11955, 11960, 11970]	TRUE
0x4Da4b6B3b6AcC97E	[0, 13, 30, 41, 52, 63, 74, 2900, 11387, 11407, 11422, 11428, 11443, 11471, 11609, 13156, 13186, 13212, 13216, 13253, 13255, 13262, 13523, 13531, 13540, 13550]	TRUE
0x64F01Deef82A5BA2	[0, 16, 26, 43, 54, 113, 2290, 2312, 11221, 11415, 11546, 13911, 13917, 13991]	TRUE
0x0b3D09D744a2422e	[0, 13, 30, 41, 171, 242, 254, 3577, 3589, 3612, 9794, 9817, 9830, 9842, 9852, 9864, 9876, 10319, 10513, 4749, 9886, 9945, 9965, 9987, 10071, 8958, 10082, 10087, 10101]	TRUE
0x5582980F2a88AD64	[0, 16, 26, 46, 57, 68, 79, 90, 101, 112, 123, 134, 145, 156, 167, 1482, 1504, 1551, 1569, 1602, 6392, 11892, 11955, 11960, 11970]	TRUE
0x72c26e545fC6192f	[0, 13, 30, 111, 123, 134, 758, 16804, 16823, 772, 3332, 3425, 3502, 3539, 3183, 3200, 3209]	TRUE
